"ISO3","Name","1995","1996","1997","1998","1999","2000","2001","2002","2003","2004","2005","2006","2007","2008","2009","2010","2011","2012","2013","2014","2015","2016"
"AFG","Afghanistan",0.19158112930892,0.19158112930892,0.193014773924166,0.194448418539411,0.192714761156925,0.190981103774439,0.197535806475403,0.204107118596015,0.208199541917951,0.203536429582905,0.204476054818072,0.201070546497275,0.197033127749737,0.207181228603947,0.208486897121969,0.223908091111909,0.21573422734123,0.229781186015165,0.224481577111214,0.243367712316186,0.238767327318171,0.222279554533801
"ALB","Albania",0.303985019801862,0.304513455638176,0.303101736594859,0.301059668141677,0.30197440244574,0.302643625531903,0.307708633588214,0.313017940843823,0.311534930179853,0.319624872001939,0.316030682294299,0.326076275705576,0.334973112849977,0.346336970255847,0.41343654398685,0.426224441009631,0.425771947022387,0.423565047524981,0.429124772606714,0.437013580857535,0.448147302507004,0.434054465040316
"DZA","Algeria",0.238555044809713,0.23971011566372,0.238127914830243,0.236850973026728,0.239904914750335,0.243131938043692,0.248970791279416,0.255252664764656,0.259911998842995,0.267145455598007,0.28203856198366,0.280176957033137,0.27567071715206,0.2769989403424,0.269246726217071,0.267544109601549,0.261815148491498,0.259557645770569,0.267078925747827,0.259437963555209,0.261263297624608,0.260342884497943
"AND","Andorra",,,,,,,,,,,,,,,,,,,,,,
"AGO","Angola",0.147359501471404,0.147360748841358,0.140466640633516,0.133573597246079,0.133844190170992,0.134223276485701,0.147502340020685,0.160811265324788,0.177726085671562,0.179997492423558,0.189321428409541,0.205644068170773,0.205673951444028,0.213049230533396,0.218100297990811,0.221481669579756,0.220931405561487,0.227101307273934,0.230243384991905,0.231025135578898,0.228366939785298,0.230564722243896
"ATG","Antigua and Barbuda",0.477730406191263,0.478004439847533,0.479362944825766,0.480707762007097,0.482172342938696,0.485111664282826,0.486246332233272,0.490804606289551,0.495391425892,0.496917573333895,0.491113494099247,0.499349341850896,0.496616537929261,0.503696869889137,0.507909203404718,0.504350658618899,0.495919328933975,0.509687017966813,0.502022125293998,0.452989755932403,0.459731866679333,0.453923208259703
"ARG","Argentina",0.390779070230372,0.393407646880853,0.389279489652307,0.386497707009621,0.386723533224814,0.388675713862648,0.361915366186596,0.342726186706134,0.354386135365887,0.356943678336642,0.383390439128607,0.38990571487405,0.39648299371717,0.388018380286821,0.382973161248202,0.390678987981289,0.391491349683817,0.381207112341711,0.372933303707641,0.374020461941874,0.374704890358937,0.396552784041922
"ARM","Armenia",0.389702237611368,0.385530351792969,0.380942595564485,0.393331575890609,0.398455385523489,0.399698616773006,0.406170416864802,0.423085908979868,0.437417357202937,0.425905896936094,0.432511921910151,0.43654044770677,0.443095812325855,0.463616233971531,0.452807457214211,0.460010137655482,0.459803691831514,0.454687972393871,0.478633994399006,0.477985686185267,0.483058282603057,0.482035995832095
"AUS","Australia",0.663695863107746,0.668024025969393,0.672704783115176,0.668400942378541,0.673309309639933,0.679884964879129,0.683789794952762,0.691179850197401,0.693047386859059,0.698329781081425,0.694779929220161,0.703377472303111,0.704816748475896,0.706578303152866,0.697450725576405,0.698458460290764,0.702233238794871,0.703027299918923,0.708343493512265,0.70036111759937,0.697139456939243,0.694489011130204
"AUT","Austria",0.68180962014559,0.689267175004811,0.692583749554076,0.69539157033038,0.700278044127509,0.704783554016957,0.712639914614851,0.711322823929655,0.707924029737047,0.712574627952971,0.713656333136737,0.716866295548619,0.723853715196548,0.71949113424941,0.702747730873108,0.699271634151358,0.698503928891618,0.700489088962836,0.716089171689901,0.727269774645244,0.726377978046661,0.718828454621394
"AZE","Azerbaijan",0.285909800386086,0.28351737997445,0.288785038667343,0.294507243621556,0.295322636639531,0.295836112240136,0.299747121992141,0.338354120183509,0.345428825436547,0.348576360597533,0.354150634457625,0.342699342916715,0.344118719487301,0.338773626396688,0.385336927030147,0.398740932160015,0.396416906590226,0.394044011847985,0.407210352139798,0.409057955945837,0.417713428988583,0.423574513890398
"BHS","Bahamas",0.458186466705064,0.458439961585329,0.462201029760874,0.466364539913928,0.469828024613528,0.474385861419704,0.47779478322757,0.4833182262766,0.480308555860634,0.4824564853465,0.481293503887899,0.474579266441659,0.476409916949965,0.47816679089488,0.467017891753198,0.459720455445976,0.460740693685542,0.462880313423099,0.450823358507155,0.444565286807133,0.437532779513783,0.430886088814678
"BHR","Bahrain",0.397842722035167,0.399203067728541,0.404847420103842,0.410982241820876,0.415190743007062,0.420094692849325,0.434410702054982,0.447067330144964,0.441906030363668,0.441431551265249,0.431654204762285,0.420510271388338,0.432103677949316,0.441572090280267,0.444571294848858,0.435368999663294,0.442196926268636,0.439231135247104,0.434231151173759,0.443870586316141,0.445508139930819,0.438755950804659
"BGD","Bangladesh",0.269505264837608,0.269350721102869,0.274431930512456,0.279398871767775,0.272791985956201,0.266191217985824,0.261289091992903,0.255491920568748,0.251634591793314,0.243998956150966,0.241347098198368,0.249646100698562,0.259826035875472,0.253833309468368,0.255345183910645,0.253922208483899,0.261365120629122,0.249031784162102,0.245852458284228,0.249831011839809,0.244867553679376,0.250983754015476
"BRB","Barbados",0.449086572760088,0.449270797586347,0.45237042540394,0.455795729667575,0.457619737662701,0.46497849416745,0.466418081675121,0.4746751236437,0.481765818721122,0.486965643641683,0.491156407527849,0.487733373541309,0.49951819451404,0.500523072635432,0.501236820904891,0.498270976599253,0.505523068564785,0.501046036891319,0.503266882639488,0.485325125988635,0.488966671915983,0.473727468180911
"BLR","Belarus",0.319823315729929,0.326830496721499,0.323845481170241,0.327158642480561,0.33087973209133,0.332572849694598,0.33053184114955,0.327322968493833,0.352189211429403,0.349195819312465,0.355164400011413,0.351639459265453,0.369497834993953,0.392304068976379,0.433682851958529,0.457885632087504,0.471502563986323,0.497797112053326,0.497186147055722,0.487701985883465,0.486179971621957,0.491349118175986
"BEL","Belgium",0.582883738283008,0.587632380075393,0.586232627609317,0.578433662510556,0.580150315105006,0.588829853541123,0.593070982114922,0.600805130910157,0.59311458073003,0.592924645965654,0.597754419615719,0.59761483570689,0.598141716187214,0.603463856669178,0.609360553546232,0.609566616312292,0.61078151948068,0.613444098610782,0.615370131077134,0.603762024200332,0.60412308475065,0.599958014303691
"BLZ","Belize",0.361171990681919,0.369457271513248,0.365007931424236,0.366885476011717,0.362826945023551,0.360265659724268,0.360318740120341,0.361103638228308,0.369991237740045,0.356490633089507,0.358016578201192,0.355754562632245,0.352959250865262,0.348860621487096,0.347694934309107,0.344774619789001,0.33394642622515,0.338965950404598,0.338787869611884,0.328221500638161,0.32803328583024,0.32226023535692
"BEN","Benin",0.309031945825979,0.309008950488993,0.307543923002558,0.305995947464916,0.305474763837319,0.305113409142252,0.301318168828634,0.297618106688606,0.297286361586515,0.288876256277544,0.280206401956692,0.288968083112143,0.290596983365434,0.285957822658169,0.274780422857035,0.273131034635907,0.276454663894693,0.279252485123703,0.275424534368941,0.287401690531613,0.300154321017428,0.288061913049701
"BTN","Bhutan",0.352309250071765,0.352309250071765,0.353352961788067,0.354396673504368,0.354029133751068,0.35394849045895,0.355048622825387,0.356192697607642,0.37062894978968,0.359614722506633,0.37214368444543,0.36772041629587,0.378716422845735,0.385206312442236,0.377308373917033,0.372587318311944,0.372786224114518,0.381481948693027,0.385086773433196,0.403589513010979,0.402984228852869,0.405006833431848
"BOL","Bolivia, Plurinational State of",0.286699273000358,0.286729526953226,0.293683934796769,0.298483380062405,0.294665228998007,0.289974235515024,0.291320247167498,0.286063493198007,0.285680006197795,0.288835307059744,0.268114510168228,0.279047086079823,0.281101742600531,0.280504146177543,0.281977923625643,0.290307480139394,0.293279063015534,0.285001786741972,0.290258359104003,0.281718466712479,0.27652660835669,0.275690956120759
"BIH","Bosnia and Herzegovina",0.305917394149045,0.305921414828024,0.301964060798772,0.298036107695912,0.300108278332069,0.30318503226719,0.310698821741037,0.311045438284142,0.308410629790854,0.322258242840667,0.319155674591327,0.325127415402732,0.323741327358473,0.330878901404652,0.326764375589106,0.334513363868435,0.33404033632587,0.33594744826475,0.339822675443531,0.363821183321135,0.353509049196651,0.351863925343189
"BWA","Botswana",0.395339395559602,0.395616442670623,0.396989513155018,0.398476528045975,0.39845928197582,0.399275789509798,0.398315480180398,0.396422282444703,0.414595099132322,0.403559052164588,0.410427063227426,0.404012940923454,0.403233921176948,0.404388438357643,0.422507985940196,0.421739181089735,0.419297069652229,0.423553644994993,0.423036106018747,0.43097237164473,0.427011970149275,0.429559783198561
"BRA","Brazil",0.343736654291934,0.342933803301333,0.344188421163263,0.345258408228879,0.350309085465829,0.355302539094217,0.357911828089694,0.363006146796449,0.361199420673602,0.355670916087789,0.355470162041075,0.362128624438407,0.378497714830424,0.382933127583933,0.395536342637829,0.400993538105101,0.400321093450343,0.395462814584874,0.391631026219642,0.402921581931281,0.395298083545082,0.39104461871727
"BRN","Brunei Darussalam",0.450144685476171,0.451056889916914,0.444202511769914,0.437431461980615,0.442074266091091,0.445671928627112,0.449082978314077,0.448431561604276,0.451082837527903,0.459932238119115,0.450028467720125,0.447846961372376,0.454628596138746,0.45643096210056,0.480399198711937,0.474710506705181,0.476033622616714,0.486572937726293,0.489275104940159,0.490021024577725,0.483274058383736,0.498250843736215
"BGR","Bulgaria",0.402886726770639,0.411393487422368,0.433597574365991,0.432386618561546,0.430324571202696,0.424032559316441,0.425809781105588,0.43741115535314,0.443799911634149,0.446436056307957,0.448391485878414,0.459969479459347,0.460863973848578,0.456462405738974,0.469622619291071,0.47310917579775,0.476092285004681,0.472044059547947,0.472447271941994,0.478429416922423,0.479815142649358,0.482371428615312
"BFA","Burkina Faso",0.241691894319956,0.241662043440915,0.241874739017812,0.242159146465325,0.246691857029685,0.25114889015554,0.248997032979589,0.246944790899732,0.250861223846996,0.246809394656933,0.248406671558741,0.250431556246521,0.261477171929761,0.265548207286801,0.2789319682508,0.284870155771011,0.277189394983085,0.274749475149577,0.269032009222475,0.271054974818763,0.275104884324757,0.274027309372094
"BDI","Burundi",0.160191822344267,0.160191973907162,0.160306436984238,0.160420958481863,0.167242549813929,0.174140435367721,0.175173664073988,0.176669198065339,0.178182718161582,0.174864075617334,0.195094122208492,0.215461214792646,0.214001764015516,0.212171985134687,0.209621241690844,0.195807037308027,0.190961800568494,0.218112753253536,0.230562888773822,0.251948882945089,0.233861932901665,0.226537285109956
"KHM","Cambodia",0.28116023724767,0.281366954457063,0.278889880948607,0.276991160350003,0.28384691611922,0.290712156617602,0.288892657065863,0.287288464959247,0.284923652194298,0.285981907313525,0.283929640794138,0.28292074942129,0.283564334356352,0.289345852192314,0.305200288982958,0.308799306373185,0.311772984549635,0.321344451868273,0.313936513913854,0.303155555821031,0.298524618820048,0.298440604095597
"CMR","Cameroon",0.226480784473642,0.226481325794002,0.235930134218916,0.245380787901097,0.246441875137802,0.247337625341491,0.244470092092494,0.24223787254687,0.253065919682527,0.252846459234383,0.250605647789199,0.254485599000466,0.251597151056664,0.249543831637045,0.248156707654875,0.24047651486151,0.248352667836955,0.25484305793638,0.261959338930922,0.261895390639386,0.267198815083256,0.265122961282351
"CAN","Canada",0.665675721687196,0.667183679869336,0.668437024675602,0.663848038503068,0.671119102334578,0.67674338552656,0.67759334161672,0.678289673710781,0.676328415452059,0.688044864059527,0.68813942554731,0.700611621593388,0.694482044185188,0.693368424339196,0.694318040366137,0.683446716486204,0.689782117902546,0.684101464567027,0.680894160441656,0.680371777532702,0.673719874947302,0.673772243166497
"CPV","Cape Verde",0.364724918313886,0.364724918313886,0.361039277305075,0.357546775536639,0.360659854742474,0.363752278896563,0.355475537508462,0.346817156213436,0.353851220468809,0.355921790557453,0.358200315676446,0.376155589551393,0.376559950309692,0.380200520213446,0.383967846615217,0.391855118181281,0.409279507755741,0.420378791157225,0.418876653457133,0.418200535539233,0.418317771194855,0.411933251084965
"CAF","Central African Republic",0.188429273252445,0.188433088161707,0.190479356063662,0.192526895462063,0.189978084448054,0.187398351206283,0.18395308352117,0.180501980669345,0.175278709381256,0.165648018106086,0.163657838942216,0.154979864899292,0.149399537663674,0.149750668867133,0.148909395735568,0.147511663052469,0.148363420431894,0.16008296094852,0.140035630818993,0.125916107889113,0.129878416457712,0.129711659244606
"TCD","Chad",0.192225051284189,0.192225051284189,0.194448662044781,0.196761461633265,0.201439557911504,0.206130166756412,0.201904953996702,0.197754327028355,0.190089547132516,0.186329281934655,0.176239256108264,0.174296018670741,0.163193702474363,0.153915550060759,0.15938288533427,0.159304310936422,0.161447314330463,0.172180495330073,0.171758635477005,0.167455601574988,0.173724983283279,0.164906842462959
"CHL","Chile",0.517322492045093,0.519020445543871,0.512907475144377,0.509355502295443,0.520118109499144,0.531278115439674,0.539837148630341,0.551563962795866,0.542639076906485,0.546488384265836,0.554608217501964,0.550988407393221,0.558753165398,0.561017673445877,0.555847502904528,0.560228068288807,0.570130895445662,0.588150970103448,0.586888230854691,0.592227673931979,0.583946307109222,0.577307194097953
"CHN","China",0.33458431693843,0.33545344538607,0.332801601438549,0.330261365043041,0.330662936526778,0.33394960875217,0.331017798889903,0.330285688227883,0.339565926041651,0.343165197221985,0.35058241041605,0.361105829120402,0.385932737827733,0.404925480989125,0.420633423401257,0.435861823150794,0.435947904633384,0.431106557799485,0.437135222456429,0.443087314765698,0.455624678508373,0.458563092582347
"COL","Colombia",0.28828787261008,0.288605444602347,0.290917816820639,0.293656869964345,0.29277225689775,0.294114921746321,0.297844284130825,0.301458441255688,0.299434498630755,0.304931434019539,0.319788087685189,0.324428956495171,0.3284305018207,0.33097734446315,0.335675492582095,0.353877148769022,0.369356125847714,0.366899419004768,0.371057705355212,0.385370347018924,0.39953871103316,0.396225340276925
"COM","Comoros",0.259555955313089,0.259555955313089,0.255667371690393,0.251789307781534,0.247295534236109,0.242722348157196,0.251962337129598,0.261164074150928,0.244199578379796,0.246975432596991,0.243862467024642,0.250248257147177,0.235133323116165,0.229466629005876,0.228407642965334,0.232808269243841,0.235908517865958,0.241683211018501,0.253304734424244,0.265238479620704,0.262251285564061,0.263263342572322
"COG","Congo",0.210112932748873,0.210118869909081,0.199848739289308,0.189578610075533,0.196682732900061,0.20554461745509,0.204505617715609,0.203806629995655,0.210527934620054,0.213962619429767,0.201891747314392,0.212006865711741,0.213189800494896,0.214736814192431,0.220219207322015,0.220084343170133,0.218535625894298,0.221374500158044,0.22392752438684,0.232488184317852,0.228604517067697,0.227852823699562
"COD","Congo, the Democratic Republic o",0.112580183877178,0.112210685995953,0.111842544685275,0.111474174645893,0.11110631606789,0.111691780307975,0.112328626745392,0.113097866952674,0.113943047253744,0.114802997368635,0.116577120381847,0.117988657550147,0.113540195242594,0.113078711007983,0.112472272143332,0.112417403411667,0.126768676397924,0.127515358119005,0.129353828690119,0.144308792416795,0.174845441150987,0.178922361754715
"CRI","Costa Rica",0.378190573587905,0.377106698719149,0.385546066186409,0.392230994368856,0.387135948763976,0.384767542533469,0.380779824930167,0.382767754392796,0.381838637772327,0.375796941961809,0.382778256849091,0.381592518856096,0.387748037045384,0.397360187679206,0.406143011361339,0.416448075119823,0.410248702819259,0.42025339457309,0.43395499029991,0.444403871592207,0.447060775118666,0.462853391320508
"CIV","Cote d'Ivoire",0.247747256689296,0.247109040419765,0.243448136897781,0.239067461732128,0.22462070132368,0.210395269988382,0.20466304459933,0.198938942918202,0.188785432053475,0.176570927462277,0.174370670391729,0.178958914363911,0.193394319722629,0.191665842426687,0.195858298119837,0.187600611086149,0.187751444443741,0.206357014612924,0.218390372105397,0.253473597924953,0.267653478718836,0.267407826128038
"HRV","Croatia",0.395836375717744,0.397389960348504,0.402386648160531,0.407853110452123,0.420120276019531,0.435075307775498,0.448425769374907,0.457984717995218,0.473390636141985,0.480996619402125,0.4751454438826,0.4697729337631,0.479424903325106,0.485846567257443,0.482252747390906,0.494115790704999,0.493758384682093,0.495441107979753,0.502806476565601,0.512408613814339,0.508613259640788,0.511007553398818
"CUB","Cuba",0.26903254244764,0.266345085674796,0.265290358803686,0.26300703301107,0.277265418253527,0.283436200893916,0.286837110760818,0.289143997180873,0.289413415585812,0.31939596552431,0.342178856556067,0.382482347723624,0.408841357142833,0.425042757872786,0.418344293669435,0.391125045817395,0.37067064724403,0.347487140204964,0.326838662747006,0.326217377183744,0.324572069697364,0.328961384117745
"CYP","Cyprus",0.449019520484103,0.451464941524053,0.451555482229633,0.450318320478037,0.453729932000979,0.456534311646811,0.459110549379065,0.464851973593736,0.478374996681684,0.472912859004614,0.477655182089011,0.483927380813854,0.485901379941947,0.506435832683014,0.506516035385655,0.503415332395048,0.498818274554199,0.516553566772008,0.514888490956851,0.520910513711826,0.522296947288565,0.518283373841427
"CZE","Czech Republic",0.497491276315934,0.49796858258141,0.494005376298719,0.49222907283815,0.481925981564709,0.473275743090218,0.489207265998517,0.504124061240474,0.51141358345696,0.507868745444198,0.516559198350877,0.529715735640424,0.535778363837578,0.542418366018507,0.538143479356966,0.542510173913517,0.551681712095651,0.55275198744312,0.563005226366893,0.580011846731844,0.587565295516013,0.584079818061785
"DNK","Denmark",0.724300354400466,0.726834556306877,0.730091785356146,0.73515230670904,0.741457227883566,0.746305872429076,0.750158837875727,0.758040749385943,0.761548482336671,0.766727489370547,0.765504557781842,0.772468029884224,0.772918773297591,0.766437178003161,0.759783012323644,0.752764194865512,0.761604849612268,0.760977420227172,0.764936245554063,0.766908426170017,0.765931040752867,0.761829143987649
"DJI","Djibouti",0.2541062932583,0.254110967011397,0.249983405245889,0.245819804847433,0.251625159093794,0.257455581120695,0.260457614676376,0.263505632378194,0.251394344790774,0.265830269764508,0.253479869880624,0.264433953574541,0.269151679173703,0.283583937628813,0.28892378578968,0.280649033651215,0.275106615485271,0.2757911589742,0.268216920834302,0.267824501758133,0.272064188396831,0.26796589917662
"DMA","Dominica",0.615714980040491,0.615714980040491,0.602273741445712,0.588832502850933,0.58281861969383,0.576804736536728,0.585017984937199,0.59323123333767,0.598328741294271,0.598133423562873,0.600919142185072,0.605587513372571,0.591821668212254,0.594658185789587,0.588681470977944,0.584223895773945,0.578819982129991,0.569734835419384,0.571962512883263,0.543664441138207,0.543406379610238,0.538315139121011
"DOM","Dominican Republic",0.312366301809006,0.312407773095789,0.306490619691474,0.303079921517562,0.306098534645198,0.309541238776265,0.31604905361978,0.318260032846323,0.307172181354564,0.310203951355897,0.314084649077914,0.32296172054972,0.32958398520719,0.342004795571307,0.356209127910735,0.370871241331084,0.367232195554328,0.365062070601945,0.366546674104238,0.367488564159442,0.371652534691348,0.376457401171935
"ECU","Ecuador",0.297579395255317,0.298119289925594,0.301951576953061,0.307013864970616,0.293300649220832,0.289851937249407,0.288681679687536,0.288054515303693,0.289254531441392,0.29457069507074,0.295866185345682,0.296311613347569,0.298031773706579,0.300486241762125,0.299124531715878,0.304861014047734,0.309903640025011,0.31448388644511,0.320336949310468,0.319090671198318,0.32104028962789,0.332300761273862
"EGY","Egypt",0.311352944050658,0.311873699498702,0.312213461424602,0.31255414131388,0.311759146384068,0.310445573816422,0.307115938622948,0.306420551214323,0.296323124021773,0.295543770904997,0.301308210066832,0.30036235706362,0.311572490836119,0.33180504606416,0.344560757764602,0.357744175236194,0.342386547987121,0.343488089225676,0.337540957318725,0.337423628537994,0.343676161401692,0.347801308407223
"SLV","El Salvador",0.293997508294893,0.291625274830449,0.29620373303858,0.30090829470584,0.307289429860407,0.309732639338541,0.307221459791504,0.307538584886673,0.307942677537557,0.322445764587428,0.319182148467251,0.33529990002498,0.33667890599518,0.339479849318005,0.348108631173486,0.348306149738535,0.369536838163861,0.364222303435629,0.361209401482832,0.363055636994125,0.353575772584749,0.357741483889566
"GNQ","Equatorial Guinea",0.213510169639848,0.213512667149807,0.209945036886453,0.206389588750754,0.204900062159544,0.2035709036444,0.203033458981512,0.202805440969912,0.213171840497238,0.205828283732694,0.203976733988359,0.215206417256039,0.217627937379413,0.214309262370337,0.215881429154615,0.215437104929914,0.214475468897275,0.217767875710908,0.215686849750133,0.207070293169232,0.211824221323225,0.208223059808038
"ERI","Eritrea",0.191890554973088,0.191809236259332,0.200858920281218,0.209904745469872,0.206549400793275,0.202898578584036,0.198814753360212,0.194244217614443,0.176441132135886,0.170362646455194,0.162441802004952,0.153874147861562,0.146009804518115,0.147101877777099,0.143166589173422,0.138209794290286,0.136738239262961,0.131422346734994,0.128376634051757,0.130528587553322,0.120235459234318,0.120295625656715
"EST","Estonia",0.523193263884977,0.530592648726417,0.534634762503845,0.539605402728616,0.544625862948829,0.555768449114967,0.563281395609078,0.570140839473746,0.574830762869447,0.583217964894517,0.58673096950979,0.602885695996706,0.605825398121752,0.615340029086274,0.626402692263464,0.626157041619076,0.623625224367703,0.609423081794976,0.614390596741703,0.634790667064193,0.626823472198186,0.624505640066446
"ETH","Ethiopia",0.244770638414138,0.247897601001753,0.260227647868704,0.272502795840709,0.273451249798254,0.271491730303005,0.267937372922324,0.264314273398707,0.263366719910837,0.266109363992946,0.261583622194272,0.268391834035893,0.267902442735276,0.265368848971154,0.261832201476892,0.265483081610587,0.259806962473713,0.266612631353922,0.263576441994433,0.273717615090164,0.268521472548464,0.266685826240165
"FJI","Fiji",0.451169392119295,0.451208165602124,0.447488337972119,0.443858013077722,0.430391851267543,0.417241331237707,0.424468776114162,0.432523946883916,0.430101346233944,0.430195141158776,0.428180970025985,0.448865304337595,0.44185759707371,0.436552809829919,0.41389827026049,0.411175044084249,0.424090406025964,0.417741581042261,0.41211450433934,0.420455434925964,0.418551631575038,0.420346957102235
"FIN","Finland",0.741810362389159,0.743806528910967,0.750136979719962,0.759091262490436,0.764603648098119,0.76839761338875,0.77097114659326,0.775518882588249,0.779107238367501,0.779967245848577,0.780830557083396,0.783125915787128,0.776206954617769,0.775834588476002,0.769879458093623,0.768019051135913,0.767946343497691,0.769021250927168,0.765566278434373,0.765914257328419,0.75414565399603,0.751069425022443
"FRA","France",0.579116208031586,0.583735691815493,0.584669541977544,0.584264203318848,0.588344896785059,0.592456640344251,0.594137684888087,0.592318863983988,0.591968366548358,0.598091358976364,0.61158260446979,0.620746252214823,0.635275356031511,0.636846724773477,0.637242192519487,0.643837862380035,0.640724575497754,0.634078101217227,0.626944423585324,0.637174783990692,0.634843578892301,0.630908841840152
"GAB","Gabon",0.300567912827593,0.300598199477091,0.306178649261599,0.311751522601952,0.315255355746305,0.320584604330989,0.320258549039869,0.320675421783757,0.317286059523761,0.308628595057546,0.319546801005918,0.304326647816377,0.297129137227501,0.290044760616506,0.284508497595099,0.290391028514355,0.293401902525125,0.29909143191469,0.294334435519302,0.293384000628829,0.287638132995687,0.279429500015246
"GMB","Gambia",0.303322224150105,0.303183546155503,0.306380906773513,0.309601653582096,0.31005255727329,0.310602047576715,0.311003158024767,0.311360094768645,0.31726959021931,0.301395672264877,0.29955062712477,0.300395103593469,0.314985280951577,0.30824654374571,0.308366457518482,0.306005467601988,0.307831313558493,0.30333482680037,0.303298473454819,0.297379873593237,0.300649577951084,0.291903192283156
"GEO","Georgia",0.289357636035835,0.28816254129494,0.291045628498838,0.300198514476704,0.30656727771584,0.314188728348877,0.310945182547465,0.298579053500071,0.314476062339724,0.335701538177412,0.342268546770064,0.365051380343048,0.42146114972816,0.44591371755076,0.454529472916469,0.474231023012017,0.48877129615338,0.494793412703585,0.524313271888937,0.543929005045158,0.541083400897888,0.547086901612483
"DEU","Germany",0.691993572406788,0.693600331598463,0.695281074351807,0.697090468900205,0.702060706027437,0.708400004516224,0.708993193308755,0.712242473492061,0.70636720073979,0.707367307446054,0.714289561710666,0.709437680467456,0.694955249653184,0.689932983984846,0.67994186915894,0.676445678143312,0.673594918192819,0.671891379467161,0.675785200347004,0.695419226173848,0.684173409890748,0.684127673927394
"GHA","Ghana",0.373566737332961,0.37357286424423,0.375723323517956,0.377876208519572,0.382079883337581,0.386297011742953,0.381158222037621,0.376193904683201,0.383699427220633,0.379342419884441,0.383327372103405,0.39411878157864,0.397761158075357,0.40250440101804,0.407469534249875,0.407676478969268,0.414450265424805,0.409621578393539,0.424169374414571,0.393208197413143,0.392588534119083,0.384176981159864
"GRC","Greece",0.427452662159386,0.431385270592864,0.440856311077,0.447722972898953,0.453793581616086,0.461774197627081,0.469974173351716,0.475660607458814,0.476509582623018,0.482026649568415,0.487997987401588,0.505547960070351,0.50012567726389,0.495824918222842,0.498008787241032,0.496422383125495,0.488917968201116,0.475369058161082,0.497536766207885,0.518273771059151,0.518823041787861,0.512287202134392
"GRD","Grenada",0.470492782428808,0.470648076266457,0.469549375828624,0.468372870993699,0.467217983733035,0.466623638146533,0.468291617254579,0.473216616668224,0.480225930678099,0.474078796521726,0.472272375291934,0.474381512299086,0.466216421692376,0.460274593547155,0.460503420059539,0.47383273567862,0.486526739537137,0.494921592732067,0.505492332033616,0.491170182009596,0.509828433495465,0.519407726056043
"GTM","Guatemala",0.272086324749668,0.271771402794325,0.278352888925411,0.284180530364248,0.285547479168806,0.287925556456093,0.28384038250319,0.280090696160666,0.278190346727809,0.291351901330238,0.2858960833907,0.288409164485685,0.297630394288013,0.30114215775316,0.306456108122178,0.320034523157069,0.319545693414006,0.314620291862546,0.31844324385377,0.323688270982842,0.324187209077725,0.323329207132508
"GIN","Guinea",0.230115540706754,0.230007395332604,0.238403009005465,0.24683106685311,0.235513319683072,0.224208822801002,0.229950675517003,0.235761102197982,0.242733615811581,0.234737525303086,0.227360814005121,0.214611627243883,0.201074769830636,0.210255260117062,0.211317906135591,0.216927246996551,0.220423709557054,0.231549043749376,0.249221224824927,0.260444699198503,0.278986564682611,0.280480550806288
"GNB","Guinea-Bissau",0.248520615562223,0.248520615562223,0.238223884382596,0.227930349601835,0.252623342292275,0.277324151105505,0.278812501411393,0.280615813638034,0.286470113997276,0.280696443217583,0.276167678399618,0.285214228419487,0.279377596567171,0.272426376205229,0.27506528988398,0.278184721083987,0.278332142204682,0.265361891392436,0.262232744461689,0.269374813502167,0.275730770931897,0.268044626946153
"GUY","Guyana",0.358180227058971,0.359048970486496,0.362389079315478,0.36362365465051,0.356294350911571,0.349267791683521,0.34850498869701,0.345196509136608,0.348429587274137,0.347856535081966,0.347486447683423,0.346349012309091,0.354107990356116,0.348447040505621,0.34488392833831,0.3528600762871,0.350266184150472,0.339467294810377,0.342107069946976,0.339388202568785,0.340204363986207,0.355129719408217
"HTI","Haiti",0.185080083779707,0.185080083779707,0.184881095692314,0.184697142230729,0.184578959496061,0.18455599376532,0.17246008613198,0.160572377991458,0.158939349834046,0.151235417257779,0.1596342939275,0.178670910210786,0.18133146598572,0.185579047421231,0.189861154168099,0.188538875031177,0.184907227178621,0.176253079570317,0.184794609370665,0.188780351221202,0.18623597408503,0.184896551438777
"HND","Honduras",0.263366918657634,0.262814731152279,0.276801746322738,0.279056374397409,0.276944825645477,0.275416758923028,0.276892245086538,0.271562682830628,0.272338493536254,0.278269596578553,0.270113489049325,0.274275966206704,0.29043981253513,0.293337623079189,0.304411069931264,0.301454954409841,0.29428682844764,0.287504863020461,0.29010900039928,0.289996346205817,0.279799826200477,0.287278409523525
"HUN","Hungary",0.523020408770098,0.514267945097364,0.517025740244587,0.522347440157561,0.524056642336358,0.531181079094842,0.542918631866559,0.548755982266792,0.540561651855707,0.544830455554323,0.549464980350615,0.561918609931392,0.566323255841099,0.564475109544963,0.566241545402184,0.554071403961624,0.560430173431636,0.551542788089176,0.544189386208095,0.536899528381254,0.535107971575585,0.531559579176276
"ISL","Iceland",0.651408653098489,0.648593171613786,0.66562966628441,0.699475427557635,0.702166852789063,0.735202209395235,0.735306080569942,0.765656998500896,0.767597827293121,0.778439417431161,0.759210586044131,0.751888564505295,0.770516314975082,0.752705524871295,0.742216168206254,0.721129800288803,0.718935420362378,0.704242173738731,0.699657078914686,0.730273456791417,0.716288771247541,0.713236343518445
"IND","India",0.287017698386379,0.287571162797024,0.288618621226454,0.290187728972641,0.293600494597901,0.297062928093153,0.289946231928597,0.283235392944438,0.283765482227052,0.285028311021468,0.293832607297127,0.297892376754743,0.304571015491833,0.312744905629291,0.30590370111527,0.304987773000844,0.310188841869673,0.317065507722693,0.317813356941078,0.317654230296275,0.325691656400262,0.339908952830007
"IDN","Indonesia",0.318606688662073,0.318734075164391,0.309371027617932,0.298633536501944,0.303186032534565,0.305382435457189,0.30086937361473,0.297107456051819,0.290244638711336,0.295028107174669,0.301701483412445,0.310806268829998,0.315250661113942,0.330027219413943,0.330740993504826,0.33307765291721,0.338105779578617,0.346625736590651,0.351619647837496,0.349326685922943,0.341553883172726,0.351742623089215
"IRN","Iran, Islamic Republic of",0.300347463362636,0.301709646119551,0.299987423131729,0.298602970308836,0.30148344564375,0.304516402077252,0.31073006138329,0.315521966419724,0.322631423422854,0.327860921066318,0.33452718267533,0.338444262104327,0.360100777491159,0.38309359380745,0.340609173313957,0.338379469469526,0.352065221876713,0.351263574115371,0.365969031184098,0.385287655538412,0.394150794399078,0.404214810028579
"IRQ","Iraq",0.232495562383621,0.232306623984767,0.235564341534842,0.238822059084917,0.238373097061042,0.238229247664592,0.241108344123282,0.244275564760625,0.245198301147032,0.223284454969031,0.236669658475751,0.238925049154627,0.23213977859631,0.235418213155023,0.238561303255943,0.241729107145709,0.246521760572881,0.237497342115181,0.236928719492964,0.236378694104732,0.231810425690118,0.225598388962693
"IRL","Ireland",0.667726237493962,0.670577059069373,0.67585918696392,0.684388395206767,0.68886138290902,0.693985028052786,0.695128269798333,0.69651688184142,0.692205109635313,0.680735392881056,0.690459826098164,0.710699281810781,0.717178890588114,0.711466218049476,0.703926585277181,0.687149509951101,0.668099159815601,0.659608766430048,0.657219311261054,0.651379970471773,0.660664985248966,0.654415756267353
"ISR","Israel",0.579104764029743,0.579603658080093,0.581724480291331,0.581421717108213,0.583175670471098,0.585369502371429,0.573629856728359,0.571134492954036,0.571527447524434,0.576368701028831,0.575820098021414,0.578544172651943,0.592377062192614,0.589497673217495,0.572160204269834,0.579119980826468,0.579121258779171,0.575941875319151,0.567297290572086,0.561262068403032,0.565526774841226,0.566899278314849
"ITA","Italy",0.522646400096125,0.523120668812636,0.524122395335266,0.523721601498096,0.527999149290892,0.543978613797469,0.54610100800165,0.547381184234647,0.546648147770377,0.546107585178191,0.555710587956571,0.560516202062945,0.556339226317604,0.548458913599499,0.544620609401343,0.538882823713499,0.53621298207363,0.526220655200873,0.523558558445969,0.533577872252742,0.53667710630876,0.533078397367669
"JAM","Jamaica",0.367090435689409,0.366475622047795,0.366020331832107,0.364833157294961,0.36143629576988,0.34765215106132,0.32636521970319,0.354914666742769,0.355508957186118,0.359840919467537,0.35791651905805,0.367220630491181,0.367613687144682,0.36744355902156,0.368277256310692,0.367573496757753,0.377996724955391,0.374686443738739,0.381101454622589,0.384500897249421,0.390262903298288,0.405027975373227
"JPN","Japan",0.639434963508329,0.642364160842902,0.644052236811581,0.645454556323693,0.651621534727315,0.658481549209933,0.655727526867617,0.652789814385182,0.66744749336986,0.674741604496137,0.678064601603574,0.688265646961455,0.690343060351894,0.685195187560025,0.682079240520519,0.67955797504406,0.677408095628304,0.684286996737609,0.68779837343418,0.682972957478342,0.677522894313819,0.671366605164171
"JOR","Jordan",0.344760096193339,0.346144909287146,0.354151404740996,0.360346182609608,0.358834952337174,0.357547069642893,0.348780525244552,0.33874576791194,0.363393209447433,0.368319692388279,0.380904879318362,0.38137105381044,0.395647573025513,0.401807542583911,0.391974368341554,0.385997482059975,0.386314454195453,0.39195725361306,0.389077500140672,0.38298298900801,0.379679744608725,0.377740295686808
"KAZ","Kazakhstan",0.336115112268823,0.333172894324137,0.342394174548092,0.349895059634056,0.348103856363406,0.351200198851138,0.361548853250611,0.36881257086267,0.383821518393851,0.386147546750243,0.398887368469067,0.40170372761815,0.419284122013272,0.417615146899455,0.434242050230391,0.435260909860885,0.438642979945126,0.466532878741878,0.471236735129491,0.478538141441555,0.472955817637909,0.487149323713979
"KEN","Kenya",0.274830642613725,0.274832492687907,0.273083376480648,0.270835548263977,0.271761705841255,0.272762218785544,0.27325112605157,0.273781970914865,0.273910120972183,0.276340281204105,0.272437262483517,0.276023569664023,0.268941270094008,0.270641082413768,0.272626725602348,0.267559013929148,0.272653602740955,0.265003101875474,0.270265258273312,0.268978654142821,0.265729323392453,0.279150715293007
"KIR","Kiribati",0.47850716995083,0.47850716995083,0.473373845017953,0.468245657534426,0.474313039742623,0.480352513031014,0.482516016131885,0.484660734953859,0.487997096891981,0.497046926157555,0.494627036342031,0.491796639775593,0.486251317016209,0.473482330105896,0.470926011184343,0.465727195107606,0.464835007847638,0.461981304107517,0.460785705077834,0.442650386440796,0.442452671536137,0.445835645794608
"PRK","Korea, Democratic People's Repub",0.243084224841796,0.243084224841796,0.249021873349629,0.254959521857462,0.263174360028341,0.271389198199219,0.285183491761673,0.298977785324126,0.277121664700641,0.263558773282241,0.266970867606469,0.243111560486983,0.268325290568673,0.274431284025701,0.248575669350577,0.233111349358284,0.232733477283814,0.242711589328267,0.222511273295491,0.196649553289399,0.19102714979844,0.198843038733905
"KOR","Korea, Republic of",0.591527889722104,0.597675748562441,0.612247724628337,0.610562236973304,0.625458452479243,0.642023181347744,0.656125270417546,0.665422046186552,0.667894722646735,0.672276598805795,0.678147950460177,0.670395215908747,0.686134841996344,0.680892111899648,0.68873162887545,0.699150507774039,0.701024943424508,0.712350974044468,0.723100183237967,0.722383687117347,0.717151349594218,0.718735955264231
"KWT","Kuwait",0.42974965139495,0.43715207804,0.438196572534668,0.440245961322143,0.443807739249867,0.447166003729014,0.45175916598575,0.455125057916119,0.460508427986638,0.461531870971277,0.454609327969954,0.451730063312106,0.455899114635588,0.454246701144971,0.450889009166376,0.454671110636911,0.446808494727072,0.439027761755374,0.440578027080151,0.434712145328495,0.423720364908578,0.426950469749291
"KGZ","Kyrgyzstan",0.327687575113477,0.329192056941112,0.336470785423146,0.339515840471286,0.338314288689128,0.346270469208588,0.347704272055862,0.348483371287546,0.344935300450478,0.330944194065179,0.304802202977199,0.303169404674596,0.327590937653738,0.331589909834112,0.352817114273006,0.37744574200732,0.387745386010043,0.378844951522669,0.386017431132184,0.390649647613099,0.383790087661291,0.391353907819117
"LAO","Lao People's Democratic Republic",0.257956453373384,0.258656638443775,0.25784758423177,0.257384562851952,0.248761300263431,0.240172164706735,0.242040242192605,0.244526898904693,0.224160708153201,0.236279316910538,0.243077523058635,0.254127682842448,0.261959039148875,0.270120761241837,0.267476089450177,0.268462648336647,0.283176533557401,0.292854249371881,0.300136010911768,0.312150763183569,0.321201084443123,0.326527130842516
"LVA","Latvia",0.512766509189944,0.512085039670164,0.511959514548453,0.523269222481542,0.511726805211857,0.516443833398776,0.532256296042893,0.551800679663213,0.55863462034303,0.561041658016784,0.569565241834254,0.574470914375757,0.584762497828785,0.592767746995707,0.594313843435109,0.583950851259308,0.580394629108816,0.601889351974149,0.608392491289654,0.600106032766149,0.602061872761179,0.606455903444744
"LBN","Lebanon",0.317124865961849,0.317454278554487,0.324837496070912,0.332138851834918,0.33728224990659,0.339791516552245,0.344445721820983,0.345978650842056,0.342078732849566,0.341488689105644,0.337691870246803,0.313887134091919,0.310010673679035,0.316501962490078,0.345200089125833,0.342686002244034,0.344576810074953,0.338890315841429,0.340983278889445,0.321819436064531,0.31637996863212,0.311295146237544
"LSO","Lesotho",0.30146744817352,0.300018258566902,0.297097575599676,0.294198191185567,0.295013162909493,0.296105450960343,0.29375151792841,0.291662567052382,0.290909125608323,0.291997002053679,0.288494190677519,0.285399581122583,0.278921860425601,0.285234763131487,0.292537737731259,0.295855930527454,0.295592879037171,0.291773213685275,0.318958888412512,0.317026005267643,0.312838849975597,0.308694179921386
"LBR","Liberia",0.190106353106928,0.190106353106928,0.19150563087049,0.192904800285318,0.19520059468663,0.207811085514918,0.209083589225804,0.210361860461827,0.214068725068495,0.221433064405417,0.231283812516685,0.249360546404177,0.260087035035447,0.243729877703403,0.246403175063685,0.257993733546387,0.25743390735581,0.274600781609907,0.282731397626201,0.265906753963346,0.260937345407393,0.261738027708625
"LBY","Libyan Arab Jamahiriya",0.243024149018454,0.243910906951272,0.244102733400863,0.244293273693808,0.253405398587499,0.25729611179091,0.266355524087203,0.27573033449178,0.294547091388594,0.303397806434711,0.304374828844368,0.301868541970783,0.323313251368102,0.33678195434833,0.323104122129434,0.302818498616377,0.259728158405859,0.24996978464459,0.23161963701995,0.208252357394561,0.204442164778281,0.199852704950335
"LIE","Liechtenstein",0.53044573206747,0.53044573206747,0.532459183097334,0.534472634127199,0.535059747656549,0.535199516719413,0.544466125127695,0.556652103324514,0.562567252205293,0.576521902742035,0.581427168927835,0.581751752744064,0.589817871792966,0.60706580379214,0.631708319882711,0.642727992174855,0.65886732925249,0.656498116013537,0.655153364389594,0.659175359980291,0.648061598273945,0.647162358364496
"LTU","Lithuania",0.507938872063749,0.509020697857519,0.512903071374947,0.516551609987608,0.512893094649439,0.513749218028009,0.524297260687081,0.539086809280921,0.548090818015244,0.554261948283079,0.547226824946188,0.562357501694926,0.566560901132118,0.573037953616388,0.569775793996346,0.570125355593983,0.566080737884776,0.576775072354184,0.577154342802155,0.594244041204695,0.612327485138906,0.612626178118103
"LUX","Luxembourg",0.549506306692962,0.571945807144937,0.566865236917462,0.563992446633751,0.550502058841934,0.629371349470132,0.594405010391372,0.586012757399737,0.550629080301533,0.563391029493006,0.561455067015042,0.569628065750269,0.564298753387776,0.597012087129347,0.608580465130218,0.631617414983467,0.637059311537338,0.656202816235763,0.657432234012559,0.66176202129514,0.66765754121479,0.662949110162078
"MKD","Macedonia",0.368660080075482,0.359779817205363,0.363447162352607,0.36782438543946,0.357477167465524,0.351925997375835,0.346228820916924,0.340267296913944,0.349177283560308,0.36109628592244,0.354732641190726,0.359537824673437,0.388894460125801,0.396514270653235,0.414799679572698,0.432210671836849,0.434862532164555,0.44297138695678,0.448591907509717,0.473248730048464,0.468765945592364,0.464865496085555
"MDG","Madagascar",0.258141337334857,0.257593490926563,0.253559872980122,0.249309872204051,0.256542891064277,0.261372318857601,0.259030869746306,0.263165783415268,0.279540277894195,0.275119603503858,0.280693057694479,0.282917600310554,0.287251460720158,0.283178253008706,0.263534289222577,0.256072061165306,0.257041418300513,0.258603132446595,0.253182967398395,0.245961856603702,0.242534458665614,0.245660249304833
"MWI","Malawi",0.298925769744699,0.298973303827374,0.302936467066194,0.308767855030802,0.307668118392201,0.306759598718206,0.30271795730716,0.298697912614313,0.309535273250116,0.312077009106157,0.31274575718039,0.312180441116694,0.307475474268749,0.301224643727249,0.300282016105035,0.298846844521031,0.298512001419272,0.291551549832714,0.282555270083548,0.265927645089168,0.263381601205602,0.261978699924676
"MYS","Malaysia",0.468682914776408,0.472584332414179,0.467282410759756,0.465653261217394,0.469412169880549,0.475240880346524,0.483519627621665,0.493449007159876,0.502388069579231,0.504086840159377,0.501970168876011,0.494787752112597,0.489941092064799,0.482734184521036,0.494434766234131,0.50876870923349,0.508049672368212,0.532926283510576,0.543967421833768,0.541680146016956,0.523115336162039,0.516295270879135
"MDV","Maldives",0.384514434218031,0.384578464311933,0.382089607616546,0.379602089679376,0.388903857235365,0.398506525285272,0.406697551773773,0.415401154346689,0.425603986781054,0.411127400577333,0.430212210013712,0.426559987922874,0.406167070701396,0.39851903416397,0.397638128742251,0.393934245491621,0.388040566796203,0.387672210439933,0.376111000565261,0.377214869580847,0.367988157962275,0.375326334877509
"MLI","Mali",0.276147007574384,0.276252668542378,0.278464833886392,0.280278506610276,0.280432098665364,0.280236588073277,0.281408541760833,0.283126102438441,0.285424753886484,0.288246331635138,0.287580568655457,0.291741627608611,0.299282890481839,0.300943284436662,0.295581167486047,0.306103129028081,0.298778876304378,0.27726918772965,0.279792565714757,0.284231275481791,0.284724026435499,0.285504095727269
"MLT","Malta",0.432752172831161,0.4273296920585,0.453414654476936,0.442137771386432,0.452396111350214,0.4762407692176,0.488650135494169,0.486165688539595,0.494342831180193,0.480155683358264,0.486095844524301,0.48602837212545,0.493777417056823,0.499514230172007,0.493129834941618,0.501222065797881,0.494115031003794,0.503159761243727,0.504404447529566,0.49857506328936,0.504666791972059,0.493749338748372
"MHL","Marshall Islands",0.307227294266605,0.307278745928406,0.307147863162965,0.306936968364251,0.315600752248121,0.324338633613124,0.326116757571104,0.328096836182457,0.319581174227558,0.314471335772576,0.325742483721555,0.325097599444834,0.328364988900712,0.343539642797104,0.342911475401199,0.34402760592751,0.356524561954101,0.35969535683745,0.369536014123919,0.362671749471678,0.356493205476049,0.364634668246127
"MRT","Mauritania",0.29066917142982,0.290528773655736,0.290430400585793,0.290059689517325,0.29163169952337,0.292710060723108,0.302383459739731,0.312151761031429,0.302010827729717,0.286734996680687,0.279998762857361,0.28236513883938,0.279086624225374,0.259902754129513,0.269461770929985,0.256720795114,0.256582883028422,0.264578791994177,0.264414999773265,0.267892821010368,0.267336231445758,0.281680609987541
"MUS","Mauritius",0.467485923599369,0.468211630105869,0.4762952667495,0.485796849806055,0.487391310151105,0.488972126762997,0.498107221905918,0.5018488986215,0.50009557432727,0.496391610731652,0.503284152919617,0.501303369403358,0.508469940585984,0.526630674898351,0.530998986833314,0.538446379137232,0.545108404905319,0.545617575820443,0.552953203608741,0.550992709996526,0.550814391860661,0.551738040296904
"MEX","Mexico",0.329611089179919,0.330150317522371,0.3366253405078,0.34345193603223,0.349400624980108,0.356039108637641,0.363251067729393,0.370484675819948,0.369796903703669,0.368940640138522,0.35891065329292,0.366043083509313,0.379526974872078,0.375777618417608,0.371389891642364,0.375930650065671,0.380673604243988,0.374841540028953,0.378621601117337,0.389272714362753,0.393351831681017,0.391791560937483
"FSM","Micronesia, Federated States of",0.333190390505808,0.333190390505808,0.328489921399347,0.324204203496971,0.319059141619085,0.314062052908755,0.316020413939779,0.317905908575371,0.320678957607393,0.363745718717513,0.373452425240966,0.371627820976401,0.356580304796563,0.346656893527448,0.341277825207152,0.336240442364714,0.330389457109464,0.338993432029214,0.339957806507776,0.355106109000048,0.353838807079407,0.35957087960382
"MDA","Moldova, Republic of",0.380280380174051,0.379300525291449,0.383366563519911,0.381351858746073,0.370247994773815,0.358686921912284,0.378624864341228,0.358529819246762,0.372989153824876,0.373901010893388,0.389152349426186,0.386309812301735,0.397363750239606,0.393552481838966,0.371436400751008,0.393520856637929,0.398469193101227,0.399272855940651,0.403825097600363,0.403649566583475,0.42053546204187,0.41504369384272
"MCO","Monaco",0.717994737795653,0.720138206636318,0.724143321456989,0.62450524689066,0.730513832595158,0.692533403205775,0.698994832019964,0.750385808747213,0.678501593009748,0.744685441046633,0.569544794740001,0.71394591817552,0.764872625502286,0.739333469661409,0.618949399884198,0.708389745450529,0.716918250289847,0.659882466966348,0.692708371730453,0.721526519412574,0.689687799028266,0.690052160093133
"MNG","Mongolia",0.415203619962928,0.414309381857714,0.425512090844022,0.419223106156288,0.418838405457556,0.417181071991816,0.424546333888187,0.434687918456165,0.430964391437644,0.420537182028221,0.410121797460194,0.411914195966347,0.414495891196807,0.41155948063487,0.413147026063793,0.419106375490701,0.420610558755735,0.423375695286205,0.443308384289188,0.459843776944295,0.455223441201077,0.46739882576139
"MNE","Montenegro",0.410548659404253,0.410548659404253,0.410548659404253,0.410548659404253,0.413039103142396,0.415529546880538,0.415426610744007,0.414461637851954,0.40261957249729,0.40246558548376,0.407782836015991,0.405076059072454,0.414699636268512,0.435633819939075,0.45349274495213,0.461625754728018,0.460835579665269,0.483017721305361,0.47674639149231,0.464506370581832,0.469312468395034,0.469872011710916
"MAR","Morocco",0.340116310268768,0.340224544012202,0.346885520117427,0.351657887555558,0.346350998103038,0.341798358075557,0.338537064820077,0.334922985890362,0.329414012061655,0.336489442444976,0.338366527766412,0.344648444203124,0.343300359412259,0.345822146163636,0.352756044541893,0.367006144350914,0.358965846091359,0.363762971014939,0.366984014989494,0.382082892024187,0.385305366450975,0.39254606639561
"MOZ","Mozambique",0.263710849416697,0.263726021767135,0.266591549014972,0.269457842965255,0.269180234600673,0.268961958625505,0.269843977383354,0.270732808548777,0.265877744797369,0.26310992722371,0.264288785293855,0.27788300798627,0.274126938957636,0.293807872779321,0.293648820806277,0.294200533200606,0.291701155445782,0.278785727202453,0.267456579376947,0.262347946254227,0.263749028335506,0.247198842153976
"MMR","Myanmar",0.138086172798982,0.138776873523245,0.138804379105838,0.138831396159174,0.137699943599877,0.136568168001363,0.138474076159229,0.138585594036724,0.140306808472605,0.133387788318978,0.140464397621595,0.141105789769784,0.137188153368371,0.139249921959487,0.136612830546768,0.137438614548386,0.147476173130783,0.165569268193998,0.172743414394824,0.186820618194652,0.193549954478259,0.228629718870175
"NAM","Namibia",0.421634216522652,0.420822650878283,0.415384927968482,0.411880932612241,0.40581840669947,0.400375589783029,0.402274057385193,0.402700294948251,0.406024197604982,0.401585673369916,0.4018206736886,0.408711793398334,0.410533279392751,0.424223771198853,0.407335894243505,0.403121241889196,0.402526818143254,0.403514630256801,0.401854088053584,0.394223269131431,0.394166546229734,0.400261220748025
"NRU","Nauru",0.541430828052473,0.541430828052473,0.543863464041118,0.546296100029764,0.54516283213521,0.544029564240656,0.543942697984389,0.543855831728122,0.544029888150709,0.541287773796434,0.536045440736246,0.544952055938608,0.523457231948585,0.506288594881928,0.516811883980022,0.540795096674906,0.523978492036803,0.52691763211842,0.477629128710722,0.394791996842784,0.386326417479192,0.444514102186668
"NPL","Nepal",0.355723985154394,0.354944499638607,0.348438623298187,0.341937935781368,0.335140846085748,0.328338287035546,0.324531605909975,0.321009444613286,0.31665585467949,0.301763940095605,0.306099870693151,0.316609393956829,0.314196603314389,0.310889699134366,0.310986738030963,0.315308125433592,0.315905835943164,0.317641992706593,0.324736285211604,0.337272189585352,0.314954856429499,0.309650293883729
"NLD","Netherlands",0.639953928091529,0.646674024152763,0.650886269643049,0.65766306335945,0.66964370454699,0.673484096533442,0.658796720876717,0.655734435607491,0.655318831233876,0.653065151074171,0.655657081168872,0.657414635326318,0.661945993085916,0.672177113017878,0.672244587409103,0.669207144754305,0.68105580809271,0.674271535033054,0.679175745334314,0.692427688558503,0.683959544704035,0.683425664202165
"NZL","New Zealand",0.747722696575114,0.749951044869344,0.75826842397104,0.764200978639343,0.769476149959502,0.770543604794431,0.774240437397528,0.776019144304037,0.779396259574237,0.800409095252778,0.789705542272989,0.794882206522452,0.798199226363922,0.796567200288073,0.803856741146099,0.802765514902127,0.804905202842904,0.801280201425738,0.797656801787973,0.800249288121282,0.805966534595681,0.80640311137561
"NIC","Nicaragua",0.289350471677875,0.289410837253614,0.289148775072735,0.290494563211623,0.290501997118482,0.291215808797469,0.29716714389481,0.303630832362826,0.303683812407277,0.304416825590387,0.308325921811478,0.3052030519848,0.306350681053266,0.306079740153507,0.298961266877056,0.292692456516548,0.295798016671445,0.305021641807608,0.310621070556681,0.302329126539649,0.306137836927819,0.304120605353387
"NER","Niger",0.243133262445559,0.243133262445559,0.243178415727973,0.243224947566457,0.246501475822952,0.249772075855188,0.246747182477175,0.243766294531317,0.250549185345421,0.243227444387642,0.24756582450882,0.260721604380764,0.277366685085926,0.277784415446811,0.274163856222969,0.272536997363619,0.280847481996442,0.278462547504313,0.285378633746339,0.285972537212932,0.288634982214739,0.290090124645056
"NGA","Nigeria",0.226921858294404,0.226921914714514,0.231406304639225,0.235890925483844,0.232531914453318,0.229794265122187,0.221343895674657,0.21301685549867,0.214699484293973,0.213156581270621,0.229132550744838,0.228458402962637,0.243246034675,0.250168551107774,0.243046121596419,0.22835848730605,0.227551462195377,0.224667088496609,0.223364724726004,0.222447742943513,0.241110270052599,0.243840577548142
"NOR","Norway",0.762341956991111,0.769112572836208,0.774543622988892,0.778422438490406,0.783548132727925,0.785912172175338,0.789680795271964,0.794788352020502,0.794135444231377,0.795089016914244,0.798802983136528,0.79906613167954,0.793700455753131,0.79025280898937,0.784318620341562,0.784266337868211,0.783935071884237,0.77587184728468,0.792936053834586,0.796159413975107,0.797850183489776,0.797340387588812
"OMN","Oman",0.424290342301545,0.42397849301332,0.426631427440134,0.430103689755774,0.435082043483001,0.439932732821551,0.446672129191132,0.452433634854852,0.448908388582094,0.452230789845518,0.442694239960454,0.443144573634416,0.454073075463855,0.458956608622128,0.455996277128506,0.455470879031452,0.450818572357012,0.460897652615497,0.469097296493033,0.470887741418967,0.464978381903975,0.46489867234426
"PAK","Pakistan",0.30703500412807,0.3070208295447,0.303788539491704,0.300572463610519,0.300522715437656,0.300608633006347,0.29883162886505,0.295325495916211,0.300723987930959,0.289865651416991,0.291970471830057,0.302927115481132,0.300614969502005,0.292222935758163,0.283894094842744,0.283197054355894,0.27882111641286,0.276494183863967,0.278472774598197,0.288945271555629,0.285412732118139,0.281484734457994
"PLW","Palau",0.399828004116234,0.399828004116234,0.400638882779116,0.401449761441998,0.401072005477146,0.400694249512295,0.40066529409354,0.401799708844738,0.407282001739256,0.412003802099256,0.417273370153269,0.424527483022139,0.42058244347564,0.421503622581198,0.421615336946275,0.418229852440283,0.414330053721263,0.417070680408679,0.416837322879946,0.425272728935421,0.420262894444229,0.431539350676059
"PAN","Panama",0.387153304722207,0.39098198713419,0.399336388638951,0.406674482762073,0.403463866146785,0.398385370176995,0.401572785337157,0.405112629810509,0.400066149076911,0.403246959876108,0.397478839612299,0.402656202104399,0.405080543117044,0.412820409025749,0.411863293063531,0.407477923936403,0.411424645651731,0.398273488229029,0.398318202986558,0.404900598245998,0.412014991063163,0.412200572485072
"PNG","Papua New Guinea",0.316752436615046,0.316996460847213,0.317722729776631,0.318456551243359,0.315421862268225,0.312337289830209,0.307415278883199,0.302576880688072,0.299010791119467,0.299303105053905,0.285343831074512,0.292347293513009,0.294113208865735,0.288704531990093,0.284172202506772,0.283679209880055,0.284102946504807,0.282650595108128,0.28025077319553,0.283532561562902,0.273357709619177,0.28028036300313
"PRY","Paraguay",0.277286572567664,0.277636780919085,0.271918035620919,0.26730609491325,0.265626763990753,0.264412180629124,0.266796391970853,0.272277356812914,0.278286684948911,0.286162053394071,0.287362730315137,0.293771454489082,0.29891058755658,0.322602800875239,0.323040699656706,0.319564373853857,0.324752557627548,0.322981043799356,0.323013218899323,0.324562377399879,0.32769140062097,0.332669672971672
"PER","Peru",0.384033720120174,0.38313937728025,0.388305861096596,0.368433795598835,0.36780139310564,0.364372714366634,0.362054348837024,0.361791372576273,0.367002480674427,0.372433765026446,0.366840392876727,0.375662319968275,0.390337443451272,0.393259568164853,0.385110548380959,0.399759771331408,0.411966039671647,0.416256213727316,0.42522002115103,0.421336429356608,0.422896711361904,0.428694984965355
"PHL","Philippines",0.321901814439643,0.32295287421151,0.326594308988775,0.330813597564047,0.316707205920249,0.302763849793663,0.30620401804502,0.309042343861047,0.296304268855204,0.288825862666488,0.30394032650676,0.29546841223121,0.295715208824607,0.29440392272734,0.292478237266195,0.291427625061655,0.300824050294237,0.312950019953347,0.323818759767136,0.334484211880332,0.32727702618952,0.318849325613931
"POL","Poland",0.482501913714252,0.483761090213368,0.488992837705487,0.491108418031437,0.487849922163353,0.487309549582595,0.489941706308136,0.495498434574776,0.491391398380245,0.482991033536257,0.491117583372021,0.494470449267849,0.509549735522959,0.521142050318322,0.526395188274576,0.547021632186207,0.560928517554625,0.56760541022462,0.577635165303869,0.592768890086213,0.600071948496725,0.596992204709449
"PRT","Portugal",0.483352494628823,0.486676340690243,0.488896607010425,0.494803237072326,0.495869900578157,0.498334111107104,0.507452509249978,0.5160898158921,0.516418299366368,0.512212179293859,0.51543629436486,0.511165807803926,0.527868443086971,0.545273554363533,0.548355459818021,0.547863261183188,0.559235083591973,0.57203346390929,0.576454524584437,0.579973999909805,0.589931455627427,0.588559907357179
"QAT","Qatar",0.386429107820142,0.389097681961908,0.402241341365656,0.414329403782065,0.41785608411431,0.419334367296465,0.42029416016149,0.422059994588431,0.424659299724382,0.423682272269492,0.433077808569614,0.439138817119565,0.433002334970516,0.447331186215743,0.463302032363904,0.45623141037057,0.44150212908167,0.453071053592465,0.465298190478385,0.452153029405522,0.449246615317402,0.447367206533236
"ROU","Romania",0.348210949887548,0.353375796323764,0.351586820607109,0.342470267517342,0.33786542074399,0.339695858103717,0.349047971659685,0.362454502669729,0.356555688508161,0.364985409117649,0.376397982870729,0.39028796632617,0.434766668926334,0.454417145130148,0.459959634524716,0.49093558112765,0.482977757142251,0.455890302718007,0.458526676331509,0.472679139577619,0.47652039187653,0.471863346870764
"RUS","Russian Federation",0.340882611006442,0.343274477966727,0.340990852731997,0.350086218074055,0.36082726673651,0.367828102512513,0.386064889697578,0.40247629492612,0.406487920113155,0.398063180397832,0.4167035702635,0.427941383193044,0.424440477277749,0.433152721164598,0.422907100085396,0.440789098482724,0.433192584283836,0.447254758003745,0.461741149350646,0.494618065297541,0.516899972676563,0.531053125406244
"RWA","Rwanda",0.201363332663016,0.201363332663016,0.203758484836152,0.20616210997216,0.211186722075485,0.21653760133569,0.224079592143296,0.23151710596141,0.239361567099139,0.239377529060559,0.231354883720488,0.256348478698488,0.266590365536008,0.278545069605848,0.296786610786657,0.369570293532775,0.376982073000898,0.375975516949036,0.386399249154127,0.398966377842999,0.393005245821888,0.403616468664351
"KNA","Saint Kitts and Nevis",0.444892664090393,0.444892664090393,0.441766237530702,0.43910141596709,0.441850403350256,0.44486385985662,0.446460047880085,0.453844852329144,0.463018093878362,0.468790697008624,0.507558044650099,0.507367259704895,0.499582833114956,0.50128335428885,0.517804343834026,0.527540924157376,0.537402717330599,0.541768218950726,0.551012202455993,0.515226090179017,0.526165517240651,0.525516058374357
"LCA","Saint Lucia",0.460030812966875,0.460164506515904,0.451391015881902,0.442622761829778,0.45426825385998,0.466600408383844,0.457173922723094,0.449575141573903,0.468063131392916,0.467828025788969,0.498822489761961,0.491879548892442,0.480823958542308,0.489198180344105,0.493085164218743,0.486989791976817,0.486659493370267,0.470827120489353,0.474528714180946,0.446825375112228,0.451268471040659,0.446797892474846
"VCT","Saint Vincent and the Grenadines",0.544946771236555,0.544946771236555,0.540966091531033,0.536985411825511,0.541467114446559,0.545948817067607,0.540221568932669,0.53449432079773,0.536804307522591,0.542822437154751,0.591346590610514,0.579875789246203,0.55982206840809,0.561964738007394,0.558094048439114,0.552145509630473,0.552137310666134,0.546229869082469,0.539324860939397,0.502093579577698,0.502614853242497,0.495740467840011
"WSM","Samoa",0.405341159674345,0.405341159674345,0.401028801000496,0.396727689038536,0.403374307163288,0.40362995692794,0.404396217298661,0.40509720229234,0.409003954399215,0.404619921310497,0.409106680096274,0.41065286482943,0.406554078961773,0.400187772029323,0.388718021530436,0.398576314987781,0.407649411262805,0.407881946664298,0.409514894395476,0.404971093707309,0.40301092045031,0.402361933714404
"SMR","San Marino",0.512879435382419,0.512847551086111,0.514503557156687,0.517975020283119,0.537663145916958,0.54272341266741,0.543904540420997,0.544155201516718,0.543479854437985,0.542612242243119,0.538963937879112,0.545397211327257,0.543564153908683,0.551772898476275,0.56419475279609,0.563709937523731,0.553015498354516,0.545262465470331,0.546100979831785,0.5317565820729,0.530271112549703,0.533257622609633
"STP","Sao Tome and Principe",0.317111535845789,0.317111535845789,0.306358186620078,0.295604837394368,0.301987694470786,0.309539428641883,0.304256812075187,0.299039138889737,0.292749983944583,0.295271715009035,0.290318105620345,0.298910646044681,0.296174191965528,0.295888621341563,0.297064792852395,0.294368929906499,0.293954506888314,0.317172183824499,0.315504913827035,0.31173742716104,0.321255853171387,0.321751812039239
"SAU","Saudi Arabia",0.355493258721251,0.356339829613694,0.358165206493198,0.359521533800044,0.364658780361894,0.367933540200765,0.374122131871529,0.380018203135087,0.384634862026012,0.371397570066732,0.386194454268726,0.38898313125809,0.395580004815265,0.424864724563618,0.434885728278772,0.434683906892297,0.435018461687318,0.459318072573626,0.472399777671719,0.461474861844235,0.460208548721011,0.473418541229069
"SEN","Senegal",0.270521233729463,0.270525955994204,0.269074523373775,0.26769903240096,0.272087710109182,0.276813781642126,0.281750044946375,0.285874944537831,0.277112623194419,0.283811830182356,0.282169116755558,0.270131456798313,0.269117475337871,0.269798968844879,0.290468809339211,0.284057701806205,0.287811493873372,0.303737677202019,0.307345607543545,0.310106319009917,0.320301396046008,0.3274208403351
"SRB","Serbia",0.317995344779493,0.317995344779493,0.308699748172545,0.299404151565597,0.302773994277344,0.306143836989092,0.322489355540103,0.337372585853195,0.345718904126637,0.35194139586452,0.339976405956482,0.384553861873552,0.404114033574481,0.406248149425387,0.405929505334326,0.411243057383783,0.41090508239362,0.414139587196687,0.430841821172889,0.450673310315859,0.438358145150027,0.430951017140171
"SYC","Seychelles",0.458968602166238,0.459130429003748,0.449314867458003,0.439943943063349,0.443628897848488,0.443960314563613,0.440491004161466,0.436337395583198,0.437200772282669,0.42391719670845,0.436734466906161,0.425168802694181,0.421100004165434,0.426082693213843,0.420822440859637,0.423100802788896,0.424268907251613,0.420350291371353,0.427145232965978,0.416017319534521,0.435297781730295,0.436263471160025
"SLE","Sierra Leone",0.232412136958185,0.232413065149361,0.233096858057188,0.2337833678214,0.23219485535823,0.230667611073945,0.242215632152074,0.253322625682934,0.250010037774823,0.261097602951729,0.259186554355453,0.266043324775344,0.270601938354628,0.264813834370172,0.279712194827048,0.289827616061912,0.298389624551798,0.303417735361433,0.30958403535669,0.297137305852289,0.301250893234019,0.302318878649069
"SGP","Singapore",0.621002423432269,0.638961918115384,0.653871120934052,0.659517202064196,0.67774546009225,0.713970305414573,0.717296908805926,0.739658441781279,0.739888217538577,0.751583962358404,0.734795432240124,0.743439416550616,0.75743143822601,0.76572109895502,0.744196194961908,0.763925095591445,0.784743818189242,0.790420759543828,0.800163855884921,0.814973975181648,0.813755909496771,0.814190399210833
"SVK","Slovakia",0.466462659525474,0.462381402289604,0.466643545461716,0.469099639160421,0.470877153854743,0.476084509867051,0.484050854375994,0.498979415902313,0.505958061128588,0.51325613327772,0.523759987222746,0.551339319893852,0.559396723052993,0.558131296502792,0.556503531846674,0.550151167324147,0.550352407584787,0.541407416255444,0.544697902707018,0.551761386562764,0.540325320726518,0.545188914379125
"SVN","Slovenia",0.554421430636065,0.552203350382152,0.552907664227639,0.566205602060851,0.557177022103836,0.559744849412744,0.568201353368391,0.575270228371461,0.57671426567267,0.588664082224385,0.6042873727209,0.600747315778601,0.607023926322011,0.601245298468192,0.623176910953683,0.637007165239213,0.646451549938484,0.647845333279042,0.64983954467229,0.65226724608926,0.650939897772483,0.65789223395722
"SLB","Solomon Islands",0.454477070617637,0.454477070617637,0.445506792061099,0.43653651350456,0.39720750557696,0.357878497649361,0.348576719066188,0.339274940483014,0.33641018603655,0.368387975305791,0.389339548216365,0.383305004192834,0.370341895577205,0.372815189720529,0.368954274584752,0.369430685401874,0.387078824121344,0.388987803516408,0.399797006713124,0.387534341600231,0.406315650023551,0.406386885879223
"SOM","Somalia",0.105611753264729,0.105611753264729,0.106587058444917,0.107562363625105,0.10466659245274,0.101770821280375,0.125265594479691,0.148760367679007,0.100108406036585,0.0563904528052397,0.0821233211415681,0.0501113001954959,0.0254561470833345,0.00147924657432047,0.0209257262907687,0.0376026486486778,0.0456317089127849,0.0633659623263452,0.0709882424243366,0.0841734215624046,0.0935875261520754,0.0826534170381109
"ZAF","South Africa",0.416343733189362,0.414565968763004,0.408870701970001,0.405669029320965,0.407248977183886,0.416019062313365,0.414998946092347,0.413455266960987,0.414321417439863,0.417071377941654,0.419753043625992,0.421288228034358,0.412292871887787,0.411433743685954,0.409416560428982,0.407184370707202,0.406219773001143,0.403346052647624,0.413743066351039,0.406139895268764,0.395957853880078,0.407919098414785
"ESP","Spain",0.523286700958803,0.528771550685783,0.534366833806318,0.540421381704185,0.550573413379632,0.562913825020787,0.562267544307068,0.564879642376686,0.564298273672567,0.563367525323754,0.570448051983552,0.565669583779882,0.564578522575609,0.564402388741604,0.554262058451542,0.553655297850701,0.556393232660668,0.556375589663484,0.550976753538034,0.554004251920048,0.55613169784669,0.565728113449792
"LKA","Sri Lanka",0.352911312731481,0.351312523862641,0.353354591232631,0.354210764596953,0.351303002313561,0.346178125859823,0.355420740684169,0.363758149238837,0.359185085473144,0.355292995688309,0.345027373587453,0.348096284902367,0.342949936245447,0.342252856620307,0.353201441996331,0.354417572071186,0.357007991880626,0.3669106838873,0.379827164187654,0.381305861488146,0.395744684869561,0.399030109067498
"SDN","Sudan",0.224109009003061,0.224109673568695,0.227728011076711,0.231347731921941,0.233409461390759,0.235681616299914,0.241340415885973,0.246821857266939,0.234940012846666,0.245957320260248,0.233715368158715,0.247722553041441,0.242343548802811,0.239997975098772,0.24709386106429,0.234991922327045,0.2363620906799,0.22950804064915,0.234863766718111,0.228024427874157,0.224998526950016,0.222652079462793
"SUR","Suriname",0.318004423362316,0.318055327241347,0.321260997450754,0.324543539656511,0.323308885497267,0.3224965460005,0.322579109540311,0.322115096930711,0.327763881552103,0.321698326192552,0.322995982488506,0.314377324921397,0.312109504864567,0.313487082219934,0.309591826707891,0.301474165626725,0.304159838843559,0.30154875685138,0.304353310070596,0.303008284356836,0.303533478827522,0.302493498356006
"SWZ","Swaziland",0.321806844261113,0.321820557388588,0.321558505785845,0.321344871842406,0.318331534504402,0.315579185838714,0.316902483188085,0.318163424463969,0.309974392528872,0.301433642681879,0.297847262381652,0.307785787613178,0.30505504137957,0.304891513442977,0.302094514139736,0.297793591711948,0.307281240283574,0.306301985739965,0.312351098802796,0.309327250271794,0.307454059695925,0.302824005003668
"SWE","Sweden",0.681306629521598,0.685120276569041,0.690713599780363,0.694615713659357,0.707848856228528,0.713822425796277,0.72148840184776,0.732725335369646,0.738141311901534,0.741689199477303,0.734333903257673,0.738964297763424,0.747629349701829,0.743584927572467,0.740232667923638,0.746432389696257,0.75451627158688,0.752288690151255,0.742214704188143,0.73146723357116,0.733689827526874,0.737074220158579
"CHE","Switzerland",0.679964481030119,0.681192028959797,0.687464857954822,0.693916076911362,0.701127066067157,0.708343510977556,0.711534743734143,0.714681786551654,0.711969290757773,0.711817108219337,0.710962578616522,0.713684703395194,0.716583930801994,0.707843751118948,0.703634874466177,0.697528494583681,0.69335358172558,0.691010451171657,0.693486136567097,0.697217075387599,0.701757206829378,0.699669109053469
"SYR","Syrian Arab Republic",0.275834247578318,0.274919341095087,0.275471415811564,0.274265193236654,0.272882115758483,0.274407879528329,0.283895976329179,0.295029887950665,0.287180355835,0.282483292617401,0.27949716123347,0.270098186154008,0.273127872383643,0.270037299761737,0.288297283380294,0.283199057019489,0.263147548269585,0.238847049727639,0.227747832427824,0.24023802440371,0.231773156652217,0.222343770640255
"TJK","Tajikistan",0.189950253220426,0.18902439332641,0.192279566584244,0.196868489388632,0.20071242409978,0.205436566064504,0.212893951243639,0.21594388743048,0.220469870055546,0.21281384183442,0.213888549563309,0.2183590402819,0.215076007297466,0.217234224056765,0.223499553481847,0.233713346316983,0.250630007022007,0.249543383542158,0.258700399073148,0.273030982021959,0.285109241804888,0.296146100111555
"TZA","Tanzania, United Republic of",0.311415079143878,0.311458609507099,0.312501743098282,0.313425151931172,0.311297225585522,0.309149018058228,0.309572229829777,0.310039444732015,0.306086677478696,0.309688208355085,0.310128741732186,0.323424113367359,0.32543631788956,0.324992251469767,0.324663325240593,0.318607877974479,0.322268837997419,0.31487648234629,0.320078617503729,0.291921038012082,0.290881930289455,0.293742698796058
"THA","Thailand",0.445647188877551,0.44655740919759,0.453454329609358,0.462570120116601,0.467743613129784,0.470261529280848,0.469449028972385,0.467840174064547,0.463204347637418,0.452146431388156,0.4573364200792,0.445338220752919,0.446012013861825,0.449549741959782,0.467379415014578,0.464549143297477,0.467252121318985,0.470189932698128,0.475335747833723,0.475920124307085,0.468461268948718,0.471758013777287
"TLS","Timor-Leste",0.312335830365034,0.312335830365034,0.312335830365034,0.312335830365034,0.312335830365034,0.312335830365034,0.312335830365034,0.312335830365034,0.315441497442532,0.318741258749613,0.322103089865546,0.325762948367278,0.329879350358997,0.33461204732723,0.345643967599604,0.354028973617758,0.359172818108171,0.359081115955151,0.359856064898203,0.360908125694922,0.3609059885102,0.360903848506033
"TGO","Togo",0.270488551766566,0.270504364914244,0.269152581376303,0.26777507194045,0.269551169106305,0.271365311258959,0.272392968823297,0.27346714597551,0.266844371081481,0.259673537886523,0.245191973910402,0.256286145213858,0.261707215709654,0.26092508323509,0.257830848224261,0.260224910174045,0.258043795178213,0.261806738933926,0.264657149269294,0.28080697381528,0.291710883706449,0.303183545869541
"TON","Tonga",0.368442622372997,0.368459735624185,0.363435593424558,0.358410040318804,0.36123012607683,0.366469306686024,0.360170839330419,0.357086268683371,0.352316502978356,0.370509382238061,0.365944032844705,0.361505371191228,0.361171892992798,0.365707622118007,0.367504070839713,0.382479530463888,0.386999707952364,0.389852882313549,0.391492673593466,0.397210277288996,0.390314617659517,0.39617616861157
"TTO","Trinidad and Tobago",0.411945273925302,0.405995524710867,0.408321244095086,0.406474035181472,0.400105567449103,0.394365483138175,0.392865150555423,0.392095340101053,0.390372480130272,0.39254725883694,0.392526365191634,0.387298444025977,0.388893326515012,0.389682733595628,0.386056287344408,0.381490649825346,0.38758951675165,0.384441822477924,0.387285174252736,0.378918950397342,0.384392346415623,0.375281247730044
"TUN","Tunisia",0.352667319223055,0.354233499698559,0.357054252595223,0.360401075556065,0.363974056942704,0.366065099462478,0.372583592838411,0.380110394263051,0.385229443841974,0.387385508032232,0.384949240841254,0.397980043343114,0.391055020030316,0.395984485255301,0.403275951483765,0.413667461537367,0.418123927826877,0.408159145810858,0.400053219327931,0.393857308791269,0.388006879161038,0.385268893424179
"TUR","Turkey",0.372853173255504,0.37428350728959,0.378421232223023,0.380876444650881,0.385891284677793,0.391144536427313,0.387584883505249,0.385099615137704,0.39604195497123,0.397606784884163,0.420874750661852,0.429426114777047,0.436915685283671,0.447392678289769,0.445076674327055,0.453151279301995,0.45695088391927,0.461897479726518,0.471786426878259,0.486341020603424,0.486108287323562,0.463862757964791
"TKM","Turkmenistan",0.261315315414856,0.261315315414856,0.250107980076563,0.239350826912959,0.238595427037099,0.237555885820107,0.234802418645845,0.231940820561893,0.234570067392677,0.21507154546755,0.223534722586614,0.207876032722826,0.223361527919273,0.235012383052276,0.236911608396208,0.234769993702964,0.234234831818796,0.242438591306489,0.239901430682483,0.240962266104214,0.234887546151101,0.22287326951312
"TUV","Tuvalu",0.64103151660062,0.64103151660062,0.643464152589265,0.645896788577911,0.656999717539522,0.668102646501133,0.669520838965343,0.670939031429554,0.605094400271227,0.638095602806417,0.601100877209135,0.57606228831832,0.559257410078305,0.546141038643179,0.554433733906881,0.545016259266347,0.493903581409805,0.503628543353302,0.498588930265113,0.536199121488016,0.547649413738213,0.561280038326837
"UGA","Uganda",0.287898231585156,0.288025501240866,0.288847754214441,0.289690092222638,0.282687648457925,0.278612079515904,0.277550580838695,0.276798439741207,0.279639675757258,0.282878321062379,0.277233691593757,0.28574785142689,0.287114892525347,0.286581980509224,0.280654651533949,0.28094229081624,0.287752019647613,0.276813469423217,0.273953680062183,0.276841871763332,0.279412351958052,0.293023412016734
"UKR","Ukraine",0.286240907064887,0.283644566906606,0.290839252023291,0.29499882957733,0.300903896115933,0.304288337268109,0.323532073491678,0.287476691864067,0.295894149609805,0.320360537855737,0.328434284387488,0.345433299317498,0.358330729151189,0.355998536876194,0.339664910980172,0.350785273937462,0.358757734604588,0.357993799972379,0.366322464431827,0.383511008960872,0.392529079525937,0.406056567685496
"ARE","United Arab Emirates",0.428692885448512,0.42924521044328,0.430982694086951,0.433390598778106,0.440431596910414,0.449195569898416,0.465924275855888,0.480127313958844,0.466421041550763,0.4674204298894,0.468346727702449,0.471261430382689,0.473496662521501,0.472566930048661,0.476997884852895,0.485932851796417,0.500806491421826,0.506217477016732,0.525940049650587,0.535779482743898,0.548061700227236,0.554302892387751
"GBR","United Kingdom",0.691676773976839,0.693502111712896,0.698797676081631,0.704774050682003,0.710327852303221,0.711218646245664,0.709409425184705,0.713336320146924,0.709242886592863,0.705587880209548,0.699866778797829,0.712508506569138,0.706236028194484,0.699699747535031,0.689325580163702,0.693790914989674,0.68985734072488,0.676985044918156,0.678020580561095,0.68588252659163,0.691710555553957,0.688246383856516
"USA","United States",0.712624105667194,0.714091805177426,0.714420332430698,0.715925590453121,0.722023161624608,0.725029903571545,0.722710182574003,0.727702704871739,0.724949033187736,0.720512630712302,0.721307258864236,0.727644567513151,0.72309910828024,0.72573519624419,0.72256491717717,0.724925861054031,0.723238388817619,0.723389948543484,0.712445318258913,0.7027999245636,0.701278658233605,0.698657269114457
"URY","Uruguay",0.400459048121822,0.399072289235976,0.403402910371737,0.405006507138063,0.403552191024152,0.404333072707539,0.404668450405635,0.401952051592533,0.405364309231061,0.394766168572763,0.405871267088227,0.427520332056741,0.448474655346075,0.446700657990062,0.455696106867173,0.454282951275267,0.453066198892199,0.463627645820691,0.471918141442126,0.478454676739699,0.472784862172525,0.469453007062857
"UZB","Uzbekistan",0.228317200864569,0.225954059610034,0.219704761848053,0.213631111415517,0.217889959384574,0.221318434043102,0.233359708606453,0.243505706744276,0.241786776864833,0.226368423844105,0.214137697529234,0.222169856484286,0.233440740824061,0.24054099098693,0.238406697058221,0.237103307708288,0.238807638599902,0.250349682012862,0.262144451324714,0.293155747995403,0.30426217079525,0.323125751207209
"VUT","Vanuatu",0.337386577562052,0.337389887813625,0.33430686588285,0.331241149470823,0.33156717616913,0.332356239950393,0.325424384850202,0.320369402488297,0.31128005116655,0.321978694803859,0.363933460572236,0.356065325627176,0.345878914382391,0.340150218616329,0.355792205680475,0.352261094915091,0.349451690835793,0.360097550775845,0.361956764754125,0.360339242679482,0.341395595868459,0.346113944153333
"VEN","Venezuela, Bolivarian Republic o",0.243388980383621,0.242656219686953,0.242955146693569,0.242541407121073,0.240600126361066,0.238395080162039,0.232153266082959,0.220357612484379,0.213741137492709,0.215429340541445,0.222984200556599,0.236236189159877,0.216327965941008,0.211690301195813,0.204999956286399,0.203362439819305,0.21025849543218,0.209221668647,0.208111682909094,0.208358540865788,0.202903647031945,0.194660798387867
"VNM","Viet Nam",0.343433594814866,0.344381483014269,0.344599567714902,0.344822167377763,0.344874416214487,0.343435156088353,0.340442574950737,0.337564845234153,0.339238949695683,0.33836711103343,0.352936257704236,0.352456449977142,0.354203991647054,0.366428124655921,0.366259568959037,0.357077540690888,0.362733236475806,0.364482196625562,0.369037476995902,0.382219920668258,0.384790162006721,0.410518854608924
"YEM","Yemen",0.284260582553644,0.28426073376383,0.283296544022791,0.28432335832674,0.283466288672163,0.280562738110702,0.278802123384461,0.277343161922253,0.282732481520158,0.27701709160823,0.282737045218906,0.290596832506071,0.291778527419024,0.285179219593993,0.294135283092089,0.289639344579554,0.280850570278751,0.287532231137905,0.267327839494759,0.253642016675508,0.243735573648072,0.226841631194504
"ZMB","Zambia",0.302296692746736,0.302374023338365,0.307570052427666,0.312772117957365,0.313348736400514,0.314111683967969,0.314000490553443,0.313806047607356,0.32670761198484,0.30918996471215,0.305116492617975,0.312713812012024,0.307654763984986,0.319438624447105,0.308422513659814,0.303311022398612,0.309180971671049,0.312273952894695,0.320953271869934,0.315012650856657,0.316740665477382,0.317653396347363
"ZWE","Zimbabwe",0.27122709576026,0.270003532244143,0.267872015694419,0.265756959461713,0.245554039750442,0.225330258102284,0.215422722828708,0.206312320105672,0.210429457240596,0.204037737677286,0.200017099110913,0.209986470309044,0.199817767159111,0.185777619455339,0.178535828485578,0.188290192867686,0.187097399028563,0.193825637872612,0.195238632538825,0.199122837483275,0.205779798701328,0.205214934738196
